--
-- PostgreSQL database dump
--

\restrict FMaOsIUNEBIipga6qttZIZemdFuOGxJYcJWbademwDEF59VT1lJo2ISQzJ00hgx

-- Dumped from database version 18.1
-- Dumped by pg_dump version 18.1

SET statement_timeout = 0;
SET lock_timeout = 0;
SET idle_in_transaction_session_timeout = 0;
SET transaction_timeout = 0;
SET client_encoding = 'UTF8';
SET standard_conforming_strings = on;
SELECT pg_catalog.set_config('search_path', '', false);
SET check_function_bodies = false;
SET xmloption = content;
SET client_min_messages = warning;
SET row_security = off;

SET default_tablespace = '';

SET default_table_access_method = heap;

--
-- Name: books; Type: TABLE; Schema: public; Owner: postgres
--

CREATE TABLE public.books (
    available boolean NOT NULL,
    price double precision NOT NULL,
    quantity integer,
    category_id bigint NOT NULL,
    created_at timestamp(6) without time zone NOT NULL,
    id bigint NOT NULL,
    seller_id bigint NOT NULL,
    author character varying(255) NOT NULL,
    book_condition character varying(255) NOT NULL,
    description text,
    image_url character varying(255),
    isbn character varying(255),
    title character varying(255) NOT NULL,
    CONSTRAINT books_book_condition_check CHECK (((book_condition)::text = ANY ((ARRAY['NEW'::character varying, 'LIKE_NEW'::character varying, 'GOOD'::character varying, 'FAIR'::character varying, 'POOR'::character varying])::text[])))
);


ALTER TABLE public.books OWNER TO postgres;

--
-- Name: books_id_seq; Type: SEQUENCE; Schema: public; Owner: postgres
--

ALTER TABLE public.books ALTER COLUMN id ADD GENERATED BY DEFAULT AS IDENTITY (
    SEQUENCE NAME public.books_id_seq
    START WITH 1
    INCREMENT BY 1
    NO MINVALUE
    NO MAXVALUE
    CACHE 1
);


--
-- Name: borrow_records; Type: TABLE; Schema: public; Owner: postgres
--

CREATE TABLE public.borrow_records (
    id bigint NOT NULL,
    borrow_date date NOT NULL,
    due_date date,
    return_date date,
    status character varying(255) NOT NULL,
    book_id bigint NOT NULL,
    user_id bigint NOT NULL,
    CONSTRAINT borrow_records_status_check CHECK (((status)::text = ANY ((ARRAY['BORROWED'::character varying, 'RETURNED'::character varying])::text[])))
);


ALTER TABLE public.borrow_records OWNER TO postgres;

--
-- Name: borrow_records_id_seq; Type: SEQUENCE; Schema: public; Owner: postgres
--

ALTER TABLE public.borrow_records ALTER COLUMN id ADD GENERATED BY DEFAULT AS IDENTITY (
    SEQUENCE NAME public.borrow_records_id_seq
    START WITH 1
    INCREMENT BY 1
    NO MINVALUE
    NO MAXVALUE
    CACHE 1
);


--
-- Name: categories; Type: TABLE; Schema: public; Owner: postgres
--

CREATE TABLE public.categories (
    id bigint NOT NULL,
    description character varying(255),
    name character varying(255) NOT NULL
);


ALTER TABLE public.categories OWNER TO postgres;

--
-- Name: categories_id_seq; Type: SEQUENCE; Schema: public; Owner: postgres
--

ALTER TABLE public.categories ALTER COLUMN id ADD GENERATED BY DEFAULT AS IDENTITY (
    SEQUENCE NAME public.categories_id_seq
    START WITH 1
    INCREMENT BY 1
    NO MINVALUE
    NO MAXVALUE
    CACHE 1
);


--
-- Name: exchange_requests; Type: TABLE; Schema: public; Owner: postgres
--

CREATE TABLE public.exchange_requests (
    book_id bigint NOT NULL,
    buyer_id bigint NOT NULL,
    created_at timestamp(6) without time zone NOT NULL,
    id bigint NOT NULL,
    updated_at timestamp(6) without time zone,
    message text,
    status character varying(255) NOT NULL,
    CONSTRAINT exchange_requests_status_check CHECK (((status)::text = ANY ((ARRAY['PENDING'::character varying, 'ACCEPTED'::character varying, 'REJECTED'::character varying, 'COMPLETED'::character varying, 'CANCELLED'::character varying])::text[])))
);


ALTER TABLE public.exchange_requests OWNER TO postgres;

--
-- Name: exchange_requests_id_seq; Type: SEQUENCE; Schema: public; Owner: postgres
--

ALTER TABLE public.exchange_requests ALTER COLUMN id ADD GENERATED BY DEFAULT AS IDENTITY (
    SEQUENCE NAME public.exchange_requests_id_seq
    START WITH 1
    INCREMENT BY 1
    NO MINVALUE
    NO MAXVALUE
    CACHE 1
);


--
-- Name: messages; Type: TABLE; Schema: public; Owner: postgres
--

CREATE TABLE public.messages (
    is_read boolean NOT NULL,
    id bigint NOT NULL,
    receiver_id bigint NOT NULL,
    sender_id bigint NOT NULL,
    sent_at timestamp(6) without time zone NOT NULL,
    content text NOT NULL
);


ALTER TABLE public.messages OWNER TO postgres;

--
-- Name: messages_id_seq; Type: SEQUENCE; Schema: public; Owner: postgres
--

ALTER TABLE public.messages ALTER COLUMN id ADD GENERATED BY DEFAULT AS IDENTITY (
    SEQUENCE NAME public.messages_id_seq
    START WITH 1
    INCREMENT BY 1
    NO MINVALUE
    NO MAXVALUE
    CACHE 1
);


--
-- Name: order_items; Type: TABLE; Schema: public; Owner: postgres
--

CREATE TABLE public.order_items (
    ordered_quantity integer NOT NULL,
    unit_price numeric(10,2) NOT NULL,
    book_id bigint NOT NULL,
    id bigint NOT NULL,
    order_id bigint NOT NULL
);


ALTER TABLE public.order_items OWNER TO postgres;

--
-- Name: order_items_id_seq; Type: SEQUENCE; Schema: public; Owner: postgres
--

ALTER TABLE public.order_items ALTER COLUMN id ADD GENERATED BY DEFAULT AS IDENTITY (
    SEQUENCE NAME public.order_items_id_seq
    START WITH 1
    INCREMENT BY 1
    NO MINVALUE
    NO MAXVALUE
    CACHE 1
);


--
-- Name: orders; Type: TABLE; Schema: public; Owner: postgres
--

CREATE TABLE public.orders (
    total_price numeric(10,2) NOT NULL,
    buyer_id bigint NOT NULL,
    id bigint NOT NULL,
    order_date timestamp(6) without time zone NOT NULL,
    status character varying(255) NOT NULL,
    CONSTRAINT orders_status_check CHECK (((status)::text = ANY ((ARRAY['PENDING'::character varying, 'PLACED'::character varying, 'ACCEPTED'::character varying, 'CANCELLED'::character varying])::text[])))
);


ALTER TABLE public.orders OWNER TO postgres;

--
-- Name: orders_id_seq; Type: SEQUENCE; Schema: public; Owner: postgres
--

ALTER TABLE public.orders ALTER COLUMN id ADD GENERATED BY DEFAULT AS IDENTITY (
    SEQUENCE NAME public.orders_id_seq
    START WITH 1
    INCREMENT BY 1
    NO MINVALUE
    NO MAXVALUE
    CACHE 1
);


--
-- Name: reviews; Type: TABLE; Schema: public; Owner: postgres
--

CREATE TABLE public.reviews (
    rating integer NOT NULL,
    book_id bigint NOT NULL,
    created_at timestamp(6) without time zone NOT NULL,
    id bigint NOT NULL,
    reviewer_id bigint NOT NULL,
    comment text
);


ALTER TABLE public.reviews OWNER TO postgres;

--
-- Name: reviews_id_seq; Type: SEQUENCE; Schema: public; Owner: postgres
--

ALTER TABLE public.reviews ALTER COLUMN id ADD GENERATED BY DEFAULT AS IDENTITY (
    SEQUENCE NAME public.reviews_id_seq
    START WITH 1
    INCREMENT BY 1
    NO MINVALUE
    NO MAXVALUE
    CACHE 1
);


--
-- Name: roles; Type: TABLE; Schema: public; Owner: postgres
--

CREATE TABLE public.roles (
    id bigint NOT NULL,
    name character varying(255) NOT NULL
);


ALTER TABLE public.roles OWNER TO postgres;

--
-- Name: roles_id_seq; Type: SEQUENCE; Schema: public; Owner: postgres
--

ALTER TABLE public.roles ALTER COLUMN id ADD GENERATED BY DEFAULT AS IDENTITY (
    SEQUENCE NAME public.roles_id_seq
    START WITH 1
    INCREMENT BY 1
    NO MINVALUE
    NO MAXVALUE
    CACHE 1
);


--
-- Name: user_roles; Type: TABLE; Schema: public; Owner: postgres
--

CREATE TABLE public.user_roles (
    user_id bigint NOT NULL,
    role_id bigint NOT NULL
);


ALTER TABLE public.user_roles OWNER TO postgres;

--
-- Name: users; Type: TABLE; Schema: public; Owner: postgres
--

CREATE TABLE public.users (
    active boolean NOT NULL,
    created_at timestamp(6) without time zone NOT NULL,
    id bigint NOT NULL,
    address character varying(255),
    email character varying(255) NOT NULL,
    full_name character varying(255) NOT NULL,
    password character varying(255) NOT NULL,
    phone character varying(255),
    profile_image_url character varying(255),
    role character varying(255) NOT NULL,
    CONSTRAINT users_role_check CHECK (((role)::text = ANY ((ARRAY['BUYER'::character varying, 'SELLER'::character varying, 'ADMIN'::character varying])::text[])))
);


ALTER TABLE public.users OWNER TO postgres;

--
-- Name: users_id_seq; Type: SEQUENCE; Schema: public; Owner: postgres
--

ALTER TABLE public.users ALTER COLUMN id ADD GENERATED BY DEFAULT AS IDENTITY (
    SEQUENCE NAME public.users_id_seq
    START WITH 1
    INCREMENT BY 1
    NO MINVALUE
    NO MAXVALUE
    CACHE 1
);


--
-- Name: wishlist; Type: TABLE; Schema: public; Owner: postgres
--

CREATE TABLE public.wishlist (
    book_id bigint NOT NULL,
    user_id bigint NOT NULL
);


ALTER TABLE public.wishlist OWNER TO postgres;

--
-- Data for Name: books; Type: TABLE DATA; Schema: public; Owner: postgres
--

COPY public.books (available, price, quantity, category_id, created_at, id, seller_id, author, book_condition, description, image_url, isbn, title) FROM stdin;
t	18	5	1	2026-03-03 14:07:24.776243	1	2	Emma Pattee  	NEW	Set over the course of a single day, an electrifying debut novel from “a powerful new literary voice” (Vogue) following one woman’s journey across a transformed city, carrying the weight of her past and a fervent hope for the future.	/uploads/books/67b01f50-e94b-4233-9f10-36c40b030a86.jpeg	117	Tilt
t	7.99	12	1	2026-03-03 14:17:56.701774	2	2	Tracey West,  Graham Howells  	LIKE_NEW	Drake and Worm face off against the evil wizard Maldred with the help of the mysterious Chaos Dragon in the latest action-packed installment of this New York Times bestselling series perfect for newly independent readers!	/uploads/books/e4a7f8ea-f347-48a1-8f05-369133125781.jpeg	920	Vortex of the Chaos Dragon
t	16.95	4	1	2026-03-03 14:19:40.449361	3	4	Edward Burns  	GOOD	An Irish-American family comes to life through the eyes of a 12-year-old boy in this debut novel by actor-filmmaker Ed Burns.\r\n\r\nImmigrants and storytellers, lilting voices and Long Island moxie are all part of this colorful Irish-Catholic community in 1970s New York.	/uploads/books/4165733f-ebc1-494b-862b-194ff4981f76.jpeg	926	A Kid from Marlboro Road
t	7.99	2	1	2026-03-03 14:25:46.285246	5	4	Kyla May  	FAIR	The next installment in the bestselling chapter book series featuring everyone's favorite pug, Bub, and his human, Bella!\r\n\r\nPick a book. Grow a Reader!\r\n\r\nThis series is part of Scholastic's early chapter book line, Branches, aimed at newly independent readers. With easy-to-read text, high-interest content, fast-paced plots, and illustrations on every page, these books will boost reading confidence and stamina. Branches books help readers grow!\r\n\r\nBella and Bub and friends Jack and Luna are off to Ye Olde Faire, a festival where people dress up like it’s olden times. During a day filled with fairies, knights, and a joust, the friends learn about a magical legend: A real unicorn lives in the woods nearby! Is the story true, or is it a tall tale? Bella and Bub are determined to find out. With Jack and Luna's help, they're off on a magical adventure this pug will never forget!\r\n\r\nWith full-color artwork throughout, this funny and charming diary-format early chapter book is perfect for anyone who believes a furry pal is the best kind of friend.\r\n\r\n\r\n\r\n$7.99\r\n2 in store\r\n1\r\nMore available to order\r\n\r\nBuy ebook from\r\nBookshop\r\n	/uploads/books/94a8e0d1-ee6a-492a-9d58-5a3f73f13780.jpeg	932	Pug the Unicorn
t	19.99	1	1	2026-03-03 14:27:28.570335	6	4	Matt Dinniman	POOR	NEW YORK TIMES BESTSELLER • The apocalypse will be televised! Welcome to the first book in the wildly popular and addictive Dungeon Crawler Carl series—now with bonus material exclusive to this print edition.	/uploads/books/fddc3001-e468-4253-9bfe-d4cb23cde203.jpeg	933	Dungeon Crawler Carl
t	8.99	6	6	2026-03-03 14:22:27.939442	4	2	Meg Eden Kuyatt  	NEW	A Schneider Family Book Award Honor Book\r\n\r\n"The next Wonder. Good Different should be required reading." -- Good Morning America\r\n\r\nWhy be normal when you can soar like a dragon?\r\n\r\nThis paperback edition of the beloved novel Good Different includes exclusive bonus content!	/uploads/books/77714dff-d79b-4ba2-bd14-fab540b85c78.jpeg	930	 Good Different (Scholastic Gold)
t	15.99	4	1	2026-03-03 14:34:49.589781	7	4	Janis Wildy	NEW	An inheritance, a bookshop and a promise…\r\nLucy isn’t ready for a life-changing journey when it comes knocking; she just wants to keep everything the same as the day her stepfather died. Unfortunately, expenses have overtaken her small family business, forcing her to do something quickly to keep it afloat.	/uploads/books/352dcf85-0ceb-4bee-b086-044a34d181b4.jpg	933	The English Bookshop
t	16.99	3	1	2026-03-03 14:39:08.692786	9	4	Jeneva Rose	LIKE_NEW	“Scheming mean girls, sex and scandal, secrets and lies…what’s not to love?”—Lisa Unger, New York Times bestselling author of Last Girl Ghosted\r\nThe Real Housewives meets murder in this deliciously savage and wildly entertaining thriller from Jeneva Rose, #1 New York Times bestselling author of The Perfect Marriage, You Shouldn’t Have Come Here, and Home Is Where the Bodies Are.	/uploads/books/dcae78b9-71b5-44e9-8eef-5a5add7fb8a5.jpg	969	One of Us Is Dead
t	16.99	2	2	2026-03-03 14:58:59.105601	12	4	 Jordan Stephanie Gray	GOOD	Enter a world ruled by powerful werewolves, where Vanessa reluctantly lives among the monstrous beasts who took her family. As terror and war rage on, Vanessa learns who is really on her side, and who is just out for blood.	/uploads/books/02df1053-130c-48de-802b-362ebab7fa1c.jpg	999	Bitten (Deluxe Limited Edition)
t	21.99	9	2	2026-03-03 14:57:09.586761	11	4	Becca Fitzpatrick	GOOD	Nora finds forbidden love with her fallen angel, in the first installment of the New York Times bestselling Hush, Hush Saga.Nora Grey is responsible and smart and not inclined to be reckless. Her first mistake was falling for Patch .Patch has made countless mistakes and has a past that could be called anything but harmless. The best thing he ever did was fall for Nora. .....	/uploads/books/03ad3585-434e-41be-b6c6-2baeddbe59df.jpg	949	Hush, Hush (Hush, Hush Saga Series #1)
t	19.99	6	1	2026-03-03 15:01:01.047101	13	4	CG Drews	GOOD	AN INSTANT NEW YORK TIMES BESTSELLER!\r\n\r\nAs alluring as it is unsettling, award-winning author CG Drews' debut YA psychological horror will leave readers breathless and hesitant to venture deeper into the woods.	/uploads/books/c56e6ff9-cf4e-4683-8051-f84b78fe09a4.jpg	970	Don't Let the Forest In
t	13.49	1	6	2026-03-03 14:37:47.85714	8	4	Freida McFadden	NEW	This Barnes & Noble Exclusive Edition features an exclusive cover and an extra advice column from Debbie herself!\r\n\r\nA brand new twisted thriller that will have you cheering "good for her!" from the #1 New York Times bestselling and global sensation Freida McFadden, author of The Housemaid!	/uploads/books/41e137f3-7255-4e3b-aff6-55a0c636a648.jpg	936	Dear Debbie (B&N Exclusive Edition)
t	25.99	1	6	2026-03-03 14:40:45.17578	10	2	Cassandra Clare	NEW	The highly anticipated first book of The Wicked Powers, the final Shadowhunters trilogy! #1 New York Times bestselling author Cassandra Clare brings the saga that began in The Mortal Instruments to a stunning conclusion.	/uploads/books/c2d88091-cd2c-4531-a16c-30d9701aeee8.jpg	945	 The Last King of Faerie: A Shadowhunters Novel
\.


--
-- Data for Name: borrow_records; Type: TABLE DATA; Schema: public; Owner: postgres
--

COPY public.borrow_records (id, borrow_date, due_date, return_date, status, book_id, user_id) FROM stdin;
\.


--
-- Data for Name: categories; Type: TABLE DATA; Schema: public; Owner: postgres
--

COPY public.categories (id, description, name) FROM stdin;
1	Novels, short stories, and literary fiction	Fiction
2	Physics, Chemistry, Biology, and general science	Science
3	Computer science, programming, and IT	Technology
4	World history, civilizations, and historical events	History
5	Algebra, Calculus, Statistics, and applied math	Mathematics
6	Ethics, logic, metaphysics, and philosophical thought	Philosophy
\.


--
-- Data for Name: exchange_requests; Type: TABLE DATA; Schema: public; Owner: postgres
--

COPY public.exchange_requests (book_id, buyer_id, created_at, id, updated_at, message, status) FROM stdin;
11	3	2026-03-03 22:55:41.065241	2	2026-03-03 22:55:41.065241	i want to exchange the book with another book.	PENDING
10	5	2026-03-03 22:49:31.583264	1	2026-03-04 00:29:05.01184	Wanna exchange with any book?	ACCEPTED
\.


--
-- Data for Name: messages; Type: TABLE DATA; Schema: public; Owner: postgres
--

COPY public.messages (is_read, id, receiver_id, sender_id, sent_at, content) FROM stdin;
f	1	4	3	2026-03-03 22:54:58.311413	Hey can i come today at the evening to buy this book?
\.


--
-- Data for Name: order_items; Type: TABLE DATA; Schema: public; Owner: postgres
--

COPY public.order_items (ordered_quantity, unit_price, book_id, id, order_id) FROM stdin;
2	13.49	8	1	1
1	25.99	10	2	2
3	21.99	11	3	3
\.


--
-- Data for Name: orders; Type: TABLE DATA; Schema: public; Owner: postgres
--

COPY public.orders (total_price, buyer_id, id, order_date, status) FROM stdin;
26.98	3	1	2026-03-03 14:43:07.533565	PLACED
25.99	5	2	2026-03-03 22:48:40.003999	PLACED
65.97	3	3	2026-03-03 22:54:26.113819	PLACED
\.


--
-- Data for Name: reviews; Type: TABLE DATA; Schema: public; Owner: postgres
--

COPY public.reviews (rating, book_id, created_at, id, reviewer_id, comment) FROM stdin;
5	10	2026-03-03 22:49:46.431008	1	5	Great storyline of the book.
4	11	2026-03-03 22:55:59.150838	2	3	This is a nice book....loved it XD!
\.


--
-- Data for Name: roles; Type: TABLE DATA; Schema: public; Owner: postgres
--

COPY public.roles (id, name) FROM stdin;
1	ROLE_ADMIN
2	ROLE_USER
\.


--
-- Data for Name: user_roles; Type: TABLE DATA; Schema: public; Owner: postgres
--

COPY public.user_roles (user_id, role_id) FROM stdin;
1	1
1	2
\.


--
-- Data for Name: users; Type: TABLE DATA; Schema: public; Owner: postgres
--

COPY public.users (active, created_at, id, address, email, full_name, password, phone, profile_image_url, role) FROM stdin;
t	2026-03-03 13:57:48.679142	1	Dhaka, Bangladesh	admin@scholarshelf.com	Admin User	$2a$10$in58o9xNPKOUiv3llbJ8HeQHTWRWudrFMZDUZdnOsnPp.gZ.hUyae	+1234567890	\N	ADMIN
t	2026-03-03 13:57:48.705145	2	Chittagong, Bangladesh	seller@scholarshelf.com	John Seller	$2a$10$in58o9xNPKOUiv3llbJ8HeQHTWRWudrFMZDUZdnOsnPp.gZ.hUyae	+1234567891	\N	SELLER
t	2026-03-03 13:57:48.725152	4	Rajshahi, Bangladesh	alice@scholarshelf.com	Alice Seller	$2a$10$in58o9xNPKOUiv3llbJ8HeQHTWRWudrFMZDUZdnOsnPp.gZ.hUyae	+1234567893	\N	SELLER
t	2026-03-03 14:12:25.529507	5	Bezpara Main Road,Jashore	chowdhuryniloy819@gmail.com	Niloy Chowdhury	$2a$10$vxGmeVyw81PvsSIAloLucuST3wKCPnu/xthW1F7hwHJe13hIutqWO	01627242435	\N	BUYER
t	2026-03-03 13:57:48.714168	3	Sylhet, Bangladesh	buyer@scholarshelf.com	Jane Buyer	$2a$10$in58o9xNPKOUiv3llbJ8HeQHTWRWudrFMZDUZdnOsnPp.gZ.hUyae	+1234567892	\N	BUYER
\.


--
-- Data for Name: wishlist; Type: TABLE DATA; Schema: public; Owner: postgres
--

COPY public.wishlist (book_id, user_id) FROM stdin;
10	5
11	3
\.


--
-- Name: books_id_seq; Type: SEQUENCE SET; Schema: public; Owner: postgres
--

SELECT pg_catalog.setval('public.books_id_seq', 13, true);


--
-- Name: borrow_records_id_seq; Type: SEQUENCE SET; Schema: public; Owner: postgres
--

SELECT pg_catalog.setval('public.borrow_records_id_seq', 1, false);


--
-- Name: categories_id_seq; Type: SEQUENCE SET; Schema: public; Owner: postgres
--

SELECT pg_catalog.setval('public.categories_id_seq', 6, true);


--
-- Name: exchange_requests_id_seq; Type: SEQUENCE SET; Schema: public; Owner: postgres
--

SELECT pg_catalog.setval('public.exchange_requests_id_seq', 2, true);


--
-- Name: messages_id_seq; Type: SEQUENCE SET; Schema: public; Owner: postgres
--

SELECT pg_catalog.setval('public.messages_id_seq', 1, true);


--
-- Name: order_items_id_seq; Type: SEQUENCE SET; Schema: public; Owner: postgres
--

SELECT pg_catalog.setval('public.order_items_id_seq', 3, true);


--
-- Name: orders_id_seq; Type: SEQUENCE SET; Schema: public; Owner: postgres
--

SELECT pg_catalog.setval('public.orders_id_seq', 3, true);


--
-- Name: reviews_id_seq; Type: SEQUENCE SET; Schema: public; Owner: postgres
--

SELECT pg_catalog.setval('public.reviews_id_seq', 2, true);


--
-- Name: roles_id_seq; Type: SEQUENCE SET; Schema: public; Owner: postgres
--

SELECT pg_catalog.setval('public.roles_id_seq', 2, true);


--
-- Name: users_id_seq; Type: SEQUENCE SET; Schema: public; Owner: postgres
--

SELECT pg_catalog.setval('public.users_id_seq', 5, true);


--
-- Name: books books_pkey; Type: CONSTRAINT; Schema: public; Owner: postgres
--

ALTER TABLE ONLY public.books
    ADD CONSTRAINT books_pkey PRIMARY KEY (id);


--
-- Name: borrow_records borrow_records_pkey; Type: CONSTRAINT; Schema: public; Owner: postgres
--

ALTER TABLE ONLY public.borrow_records
    ADD CONSTRAINT borrow_records_pkey PRIMARY KEY (id);


--
-- Name: categories categories_name_key; Type: CONSTRAINT; Schema: public; Owner: postgres
--

ALTER TABLE ONLY public.categories
    ADD CONSTRAINT categories_name_key UNIQUE (name);


--
-- Name: categories categories_pkey; Type: CONSTRAINT; Schema: public; Owner: postgres
--

ALTER TABLE ONLY public.categories
    ADD CONSTRAINT categories_pkey PRIMARY KEY (id);


--
-- Name: exchange_requests exchange_requests_pkey; Type: CONSTRAINT; Schema: public; Owner: postgres
--

ALTER TABLE ONLY public.exchange_requests
    ADD CONSTRAINT exchange_requests_pkey PRIMARY KEY (id);


--
-- Name: messages messages_pkey; Type: CONSTRAINT; Schema: public; Owner: postgres
--

ALTER TABLE ONLY public.messages
    ADD CONSTRAINT messages_pkey PRIMARY KEY (id);


--
-- Name: order_items order_items_pkey; Type: CONSTRAINT; Schema: public; Owner: postgres
--

ALTER TABLE ONLY public.order_items
    ADD CONSTRAINT order_items_pkey PRIMARY KEY (id);


--
-- Name: orders orders_pkey; Type: CONSTRAINT; Schema: public; Owner: postgres
--

ALTER TABLE ONLY public.orders
    ADD CONSTRAINT orders_pkey PRIMARY KEY (id);


--
-- Name: reviews reviews_pkey; Type: CONSTRAINT; Schema: public; Owner: postgres
--

ALTER TABLE ONLY public.reviews
    ADD CONSTRAINT reviews_pkey PRIMARY KEY (id);


--
-- Name: roles roles_pkey; Type: CONSTRAINT; Schema: public; Owner: postgres
--

ALTER TABLE ONLY public.roles
    ADD CONSTRAINT roles_pkey PRIMARY KEY (id);


--
-- Name: roles ukofx66keruapi6vyqpv6f2or37; Type: CONSTRAINT; Schema: public; Owner: postgres
--

ALTER TABLE ONLY public.roles
    ADD CONSTRAINT ukofx66keruapi6vyqpv6f2or37 UNIQUE (name);


--
-- Name: user_roles user_roles_pkey; Type: CONSTRAINT; Schema: public; Owner: postgres
--

ALTER TABLE ONLY public.user_roles
    ADD CONSTRAINT user_roles_pkey PRIMARY KEY (user_id, role_id);


--
-- Name: users users_email_key; Type: CONSTRAINT; Schema: public; Owner: postgres
--

ALTER TABLE ONLY public.users
    ADD CONSTRAINT users_email_key UNIQUE (email);


--
-- Name: users users_pkey; Type: CONSTRAINT; Schema: public; Owner: postgres
--

ALTER TABLE ONLY public.users
    ADD CONSTRAINT users_pkey PRIMARY KEY (id);


--
-- Name: wishlist wishlist_pkey; Type: CONSTRAINT; Schema: public; Owner: postgres
--

ALTER TABLE ONLY public.wishlist
    ADD CONSTRAINT wishlist_pkey PRIMARY KEY (book_id, user_id);


--
-- Name: messages fk4ui4nnwntodh6wjvck53dbk9m; Type: FK CONSTRAINT; Schema: public; Owner: postgres
--

ALTER TABLE ONLY public.messages
    ADD CONSTRAINT fk4ui4nnwntodh6wjvck53dbk9m FOREIGN KEY (sender_id) REFERENCES public.users(id);


--
-- Name: reviews fk6a9k6xvev80se5rreqvuqr7f9; Type: FK CONSTRAINT; Schema: public; Owner: postgres
--

ALTER TABLE ONLY public.reviews
    ADD CONSTRAINT fk6a9k6xvev80se5rreqvuqr7f9 FOREIGN KEY (book_id) REFERENCES public.books(id);


--
-- Name: order_items fkbioxgbv59vetrxe0ejfubep1w; Type: FK CONSTRAINT; Schema: public; Owner: postgres
--

ALTER TABLE ONLY public.order_items
    ADD CONSTRAINT fkbioxgbv59vetrxe0ejfubep1w FOREIGN KEY (order_id) REFERENCES public.orders(id);


--
-- Name: reviews fkd1isgfajhtdl8mgg29up6mofi; Type: FK CONSTRAINT; Schema: public; Owner: postgres
--

ALTER TABLE ONLY public.reviews
    ADD CONSTRAINT fkd1isgfajhtdl8mgg29up6mofi FOREIGN KEY (reviewer_id) REFERENCES public.users(id);


--
-- Name: user_roles fkh8ciramu9cc9q3qcqiv4ue8a6; Type: FK CONSTRAINT; Schema: public; Owner: postgres
--

ALTER TABLE ONLY public.user_roles
    ADD CONSTRAINT fkh8ciramu9cc9q3qcqiv4ue8a6 FOREIGN KEY (role_id) REFERENCES public.roles(id);


--
-- Name: orders fkhtx3insd5ge6w486omk4fnk54; Type: FK CONSTRAINT; Schema: public; Owner: postgres
--

ALTER TABLE ONLY public.orders
    ADD CONSTRAINT fkhtx3insd5ge6w486omk4fnk54 FOREIGN KEY (buyer_id) REFERENCES public.users(id);


--
-- Name: order_items fki4ptndslo2pyfp9r1x0eulh9g; Type: FK CONSTRAINT; Schema: public; Owner: postgres
--

ALTER TABLE ONLY public.order_items
    ADD CONSTRAINT fki4ptndslo2pyfp9r1x0eulh9g FOREIGN KEY (book_id) REFERENCES public.books(id);


--
-- Name: books fkiwatvar9di52i9uxrseg0h65k; Type: FK CONSTRAINT; Schema: public; Owner: postgres
--

ALTER TABLE ONLY public.books
    ADD CONSTRAINT fkiwatvar9di52i9uxrseg0h65k FOREIGN KEY (seller_id) REFERENCES public.users(id);


--
-- Name: exchange_requests fkks6niy55pv52cnbmov0000b7o; Type: FK CONSTRAINT; Schema: public; Owner: postgres
--

ALTER TABLE ONLY public.exchange_requests
    ADD CONSTRAINT fkks6niy55pv52cnbmov0000b7o FOREIGN KEY (buyer_id) REFERENCES public.users(id);


--
-- Name: books fkleqa3hhc0uhfvurq6mil47xk0; Type: FK CONSTRAINT; Schema: public; Owner: postgres
--

ALTER TABLE ONLY public.books
    ADD CONSTRAINT fkleqa3hhc0uhfvurq6mil47xk0 FOREIGN KEY (category_id) REFERENCES public.categories(id);


--
-- Name: wishlist fkm5enjhac8nch6sen9m1th9gkw; Type: FK CONSTRAINT; Schema: public; Owner: postgres
--

ALTER TABLE ONLY public.wishlist
    ADD CONSTRAINT fkm5enjhac8nch6sen9m1th9gkw FOREIGN KEY (book_id) REFERENCES public.books(id);


--
-- Name: exchange_requests fkn9fxx2njtdh084ry458f8kwan; Type: FK CONSTRAINT; Schema: public; Owner: postgres
--

ALTER TABLE ONLY public.exchange_requests
    ADD CONSTRAINT fkn9fxx2njtdh084ry458f8kwan FOREIGN KEY (book_id) REFERENCES public.books(id);


--
-- Name: messages fkt05r0b6n0iis8u7dfna4xdh73; Type: FK CONSTRAINT; Schema: public; Owner: postgres
--

ALTER TABLE ONLY public.messages
    ADD CONSTRAINT fkt05r0b6n0iis8u7dfna4xdh73 FOREIGN KEY (receiver_id) REFERENCES public.users(id);


--
-- Name: wishlist fktrd6335blsefl2gxpb8lr0gr7; Type: FK CONSTRAINT; Schema: public; Owner: postgres
--

ALTER TABLE ONLY public.wishlist
    ADD CONSTRAINT fktrd6335blsefl2gxpb8lr0gr7 FOREIGN KEY (user_id) REFERENCES public.users(id);


--
-- PostgreSQL database dump complete
--

\unrestrict FMaOsIUNEBIipga6qttZIZemdFuOGxJYcJWbademwDEF59VT1lJo2ISQzJ00hgx

